EmployeeID,Department,Gender,Experience,TrainingHours,PerformanceRating,Salary,Seniority
1001,IT,Male,4,5,1,19000,junior
1002,Marketing,Female,0,50,5.5,6900,entry-level
1003,Sales,Male,0,5,1,6000,entry-level
1004,HR,Male,1,5,1,6000,entry-level
1005,HR,Female,9,5,1.04,38000,senior
1006,IT,Female,4,5,1.05,19000,junior
1007,Marketing,Male,1,50,5.5,9000,entry-level
1008,Marketing,Female,1,50,5.5,9000,entry-level
1009,Sales,Male,0,5,1.37,6000,entry-level
1010,HR,Male,1,15,1.47,7700,entry-level
1011,Marketing,Female,1,50,5.5,9000,entry-level
1012,HR,Male,4,20,1.52,15000,junior
1013,HR,Male,1,15,1.55,7700,entry-level
1014,Sales,Male,3,15,1.56,12000,junior
1015,IT,Female,4,15,1.56,19000,junior
1016,HR,Female,4,15,1.59,15000,junior
1017,IT,Male,2,15,1.04,10000,junior
1018,Sales,Male,1,15,1.62,7700,entry-level
1019,Marketing,Male,1,50,5.46,9000,entry-level
1020,HR,Male,0,15,1.69,6000,entry-level
1021,Marketing,Female,1,50,5.32,9000,entry-level
1022,Marketing,Female,1,50,5.25,9000,entry-level
1023,IT,Male,2,5,1.04,10000,junior
1024,IT,Female,2,15,1.16,10000,junior
1025,Sales,Male,3,20,1.69,12000,junior
1026,HR,Male,1,15,1.73,7700,entry-level
1027,Marketing,Female,1,48,5.18,9000,entry-level
1028,Marketing,Male,3,50,5.5,18500,junior
1029,HR,Male,8,15,1.76,32000,senior
1030,IT,Male,2,15,1.19,10000,junior
1031,IT,Female,2,15,1.42,10000,junior
1032,Sales,Male,2,20,1.81,10000,junior
1033,Sales,Female,5,20,1.81,19700,mid-level
1034,Sales,Female,4,20,1.82,19000,junior
1035,HR,Male,5,20,1.82,15700,mid-level
1036,Sales,Male,1,15,1.84,7700,entry-level
1037,Marketing,Female,1,50,5.14,9000,entry-level
1038,HR,Male,9,20,1.88,38105,senior
1039,Sales,Male,1,20,1.89,7700,entry-level
1040,Sales,Male,1,20,1.97,7700,entry-level
1041,Marketing,Male,0,50,5.02,6900,entry-level
1042,Sales,Female,3,20,1.98,13500,junior
1043,Marketing,Male,1,48,5.12,9000,entry-level
1044,Sales,Female,2,20,2,10100,junior
1045,Sales,Female,1,15,2.01,7700,entry-level
1046,IT,Male,1,50,4.96,8800,entry-level
1047,IT,Male,2,20,1.46,10000,junior
1048,IT,Male,1,50,4.96,8800,entry-level
1049,HR,Female,9,20,2.03,40500,senior
1050,Marketing,Female,3,50,5.43,18500,junior
1051,HR,Male,0,15,2.03,6000,entry-level
1052,Marketing,Male,3,48,5.41,18500,junior
1053,IT,Male,2,15,1.6,10000,junior
1054,IT,Female,1,50,4.96,8800,entry-level
1055,Sales,Male,4,20,2.06,19500,junior
1056,Marketing,Male,0,50,5,6900,entry-level
1057,IT,Female,4,20,1.6,19000,junior
1058,IT,Male,2,20,1.73,10000,junior
1059,Marketing,Female,0,48,4.98,6000,entry-level
1060,IT,Female,1,50,4.96,8800,entry-level
1061,IT,Male,1,48,4.96,8800,entry-level
1062,IT,Male,1,50,4.95,8800,entry-level
1063,IT,Female,4,20,1.65,19000,junior
1064,Marketing,Female,0,50,4.96,6000,entry-level
1065,HR,Male,1,20,2.11,7700,entry-level
1066,Sales,Male,1,20,2.11,7700,entry-level
1067,IT,Female,1,50,4.9,8800,entry-level
1068,Marketing,Male,1,50,4.89,8800,entry-level
1069,IT,Female,1,50,4.88,8800,entry-level
1070,Marketing,Male,1,48,4.86,8800,entry-level
1071,Marketing,Male,4,20,1.69,19000,junior
1072,IT,Male,1,50,4.83,8800,entry-level
1073,HR,Female,3,20,2.13,13500,junior
1074,IT,Male,0,50,4.96,6000,entry-level
1075,Sales,Male,3,20,2.13,13500,junior
1076,Sales,Male,0,15,2.15,6000,entry-level
1077,IT,Male,3,50,4.96,18365,junior
1078,HR,Male,1,22,2.18,7700,entry-level
1079,IT,Female,1,50,4.82,8800,entry-level
1080,IT,Male,3,50,4.96,18365,junior
1081,IT,Male,2,20,1.82,10000,junior
1082,IT,Male,0,48,4.96,6000,entry-level
1083,IT,Female,5,50,4.96,22220,mid-level
1084,HR,Male,4,22,2.19,15200,junior
1085,IT,Female,5,50,4.95,21200,mid-level
1086,IT,Female,3,50,4.96,18365,junior
1087,Sales,Female,1,22,2.21,7700,entry-level
1088,Marketing,Male,5,50,4.84,21200,mid-level
1089,IT,Male,1,50,4.81,8800,entry-level
1090,Sales,Male,1,15,2.22,7700,entry-level
1091,Sales,Female,1,15,2.25,7700,entry-level
1092,HR,Male,2,20,2.26,10100,junior
1093,IT,Male,3,48,4.96,18365,junior
1094,Marketing,Female,1,45,4.7,8800,entry-level
1095,Marketing,Male,1,50,4.69,8800,entry-level
1096,IT,Female,2,20,1.96,10000,junior
1097,IT,Male,4,20,1.86,19000,junior
1098,Sales,Female,2,20,2.29,10100,junior
1099,Marketing,Female,1,45,4.69,8800,entry-level
1100,Sales,Male,3,20,2.3,13500,junior
1101,IT,Male,1,43,4.67,8800,entry-level
1102,IT,Male,1,45,4.67,8800,entry-level
1103,Marketing,Male,1,43,4.65,8800,entry-level
1104,Marketing,Male,3,50,4.89,18365,junior
1105,Marketing,Female,1,43,4.65,8800,entry-level
1106,Sales,Male,0,22,2.31,6000,entry-level
1107,Marketing,Male,5,50,4.81,21200,mid-level
1108,Marketing,Female,0,50,4.83,6000,entry-level
1109,HR,Female,4,20,2.32,15200,junior
1110,IT,Female,1,43,4.63,8800,entry-level
1111,Marketing,Female,3,50,4.86,18365,junior
1112,Sales,Male,4,22,2.32,19500,junior
1113,IT,Female,5,43,4.68,21200,mid-level
1114,IT,Male,2,20,2.08,10100,junior
1115,IT,Female,3,50,4.85,18365,junior
1116,HR,Male,1,15,2.33,7700,entry-level
1117,HR,Female,0,22,2.36,6000,entry-level
1118,IT,Male,2,20,2.11,10100,junior
1119,Sales,Male,0,15,2.37,6000,entry-level
1120,Sales,Male,4,20,2.38,19500,junior
1121,Sales,Female,1,15,2.38,7700,entry-level
1122,Marketing,Male,5,43,4.66,21200,mid-level
1123,Sales,Female,3,22,2.38,13500,junior
1124,Marketing,Male,1,43,4.61,8800,entry-level
1125,IT,Female,0,50,4.82,6000,entry-level
1126,IT,Female,5,45,4.61,21200,mid-level
1127,IT,Male,1,43,4.6,8800,entry-level
1128,Sales,Female,1,22,2.39,7700,entry-level
1129,HR,Female,0,15,2.39,6000,entry-level
1130,Marketing,Male,1,43,4.57,8500,entry-level
1131,Marketing,Male,0,50,4.73,6000,entry-level
1132,IT,Male,5,45,4.55,21200,mid-level
1133,HR,Male,3,20,2.39,13500,junior
1134,HR,Male,6,22,2.39,17000,mid-level
1135,Sales,Male,0,15,2.41,6000,entry-level
1136,IT,Male,1,45,4.55,8500,entry-level
1137,Marketing,Male,0,50,4.72,6000,entry-level
1138,Sales,Female,1,15,2.42,7700,entry-level
1139,Sales,Male,1,15,2.43,7700,entry-level
1140,Marketing,Female,0,50,4.72,6000,entry-level
1141,Sales,Male,3,20,2.44,13500,junior
1142,IT,Male,3,50,4.74,18365,junior
1143,Sales,Male,5,20,2.46,19700,mid-level
1144,IT,Male,2,20,2.16,10100,junior
1145,Sales,Female,5,20,2.47,19700,mid-level
1146,Sales,Male,3,20,2.48,13500,junior
1147,IT,Female,4,20,1.94,19000,junior
1148,Marketing,Female,1,45,4.52,8500,entry-level
1149,IT,Male,1,45,4.52,8500,entry-level
1150,HR,Male,0,15,2.48,6000,entry-level
1151,IT,Male,4,20,2.03,19500,junior
1152,Sales,Male,0,25,2.49,6000,entry-level
1153,Sales,Male,1,30,2.54,7700,entry-level
1154,IT,Female,3,43,4.66,18365,junior
1155,IT,Male,3,45,4.65,17800,junior
1156,IT,Female,3,45,4.65,18365,junior
1157,Sales,Female,1,30,2.55,7700,entry-level
1158,HR,Male,4,25,2.57,15400,junior
1159,Marketing,Female,3,45,4.64,17800,junior
1160,Marketing,Female,1,40,4.48,8500,entry-level
1161,HR,Male,0,25,2.57,6000,entry-level
1162,IT,Female,3,43,4.59,17800,junior
1163,IT,Male,1,40,4.47,8500,entry-level
1164,Sales,Female,3,25,2.64,14000,junior
1165,IT,Male,4,20,2.04,19500,junior
1166,IT,Male,3,45,4.54,17800,junior
1167,Sales,Female,0,25,2.67,6000,entry-level
1168,Sales,Female,4,25,2.68,20000,junior
1169,Sales,Male,1,25,2.68,7700,entry-level
1170,Marketing,Female,4,20,2.04,19500,junior
1171,Marketing,Female,1,40,4.44,8500,entry-level
1172,Sales,Male,3,25,2.71,14000,junior
1173,Marketing,Male,1,40,4.41,8500,entry-level
1174,IT,Male,4,20,2.05,19500,junior
1175,Marketing,Female,1,40,4.39,8500,entry-level
1176,Sales,Male,2,25,2.73,10100,junior
1177,IT,Male,1,40,4.39,8500,entry-level
1178,IT,Male,1,40,4.38,8500,entry-level
1179,Sales,Female,1,25,2.75,7700,entry-level
1180,Sales,Male,1,25,2.76,7700,entry-level
1181,Marketing,Male,3,45,4.49,17800,junior
1182,IT,Female,2,20,2.32,10100,junior
1183,IT,Male,2,22,2.35,10100,junior
1184,IT,Male,1,40,4.38,8500,entry-level
1185,IT,Female,2,25,2.41,10100,junior
1186,Marketing,Female,3,40,4.48,17800,junior
1187,IT,Male,3,45,4.48,17800,junior
1188,HR,Male,7,25,2.76,20000,mid-level
1189,IT,Male,1,40,4.38,8500,entry-level
1190,Sales,Male,5,25,2.77,19700,mid-level
1191,Sales,Female,3,25,2.77,14000,junior
1192,Sales,Female,2,25,2.8,10100,junior
1193,Sales,Male,3,31,2.81,14000,junior
1194,Sales,Male,1,31,2.83,7700,entry-level
1195,IT,Female,4,20,2.08,19500,junior
1196,Sales,Male,1,25,2.83,7700,entry-level
1197,HR,Female,2,31,2.84,10100,junior
1198,IT,Male,1,43,4.36,8500,entry-level
1199,Sales,Male,1,31,2.84,7700,entry-level
1200,Sales,Male,1,25,2.84,7700,entry-level
1201,IT,Male,1,40,4.35,8500,entry-level
1202,IT,Male,1,40,4.33,8500,entry-level
1203,IT,Female,0,45,4.59,6000,entry-level
1204,IT,Male,2,25,2.46,10100,junior
1205,IT,Female,1,43,4.32,8500,entry-level
1206,HR,Male,0,31,2.84,6000,entry-level
1207,Marketing,Female,3,45,4.45,17800,junior
1208,Marketing,Male,1,40,4.32,8500,entry-level
1209,IT,Male,0,43,4.57,6000,entry-level
1210,IT,Female,3,40,4.42,17800,junior
1211,Sales,Female,3,31,2.85,14000,junior
1212,Sales,Male,1,31,2.86,7700,entry-level
1213,Marketing,Male,1,43,4.3,8500,entry-level
1214,HR,Female,1,35,2.86,7700,entry-level
1215,IT,Female,2,20,2.48,10100,junior
1216,IT,Male,0,43,4.56,6000,entry-level
1217,IT,Male,0,45,4.56,6000,entry-level
1218,Sales,Female,1,31,2.87,7700,entry-level
1219,IT,Male,4,22,2.13,15000,junior
1220,IT,Male,2,20,2.5,10100,junior
1221,IT,Male,1,40,4.29,8500,entry-level
1222,Sales,Female,3,31,2.87,14000,junior
1223,Sales,Female,0,31,2.88,6000,entry-level
1224,IT,Male,2,30,2.55,10100,junior
1225,IT,Female,0,45,4.55,6000,entry-level
1226,IT,Male,2,25,2.57,10100,junior
1227,Marketing,Male,2,25,2.58,10100,junior
1228,IT,Male,1,39,4.27,8500,entry-level
1229,Marketing,Male,2,25,2.62,10100,junior
1230,IT,Female,3,40,4.36,17800,junior
1231,IT,Male,0,45,4.52,6000,entry-level
1232,IT,Male,4,20,2.2,19500,junior
1233,IT,Female,1,39,4.26,8500,entry-level
1234,Sales,Female,1,31,2.89,7700,entry-level
1235,HR,Male,1,31,2.89,7700,entry-level
1236,Sales,Female,5,31,2.92,19700,mid-level
1237,IT,Male,2,25,2.62,10100,junior
1238,Sales,Female,1,31,2.93,7700,entry-level
1239,HR,Male,0,31,2.94,6000,entry-level
1240,Sales,Male,4,31,2.95,20000,junior
1241,IT,Male,0,40,4.48,6000,entry-level
1242,IT,Female,1,39,4.24,8500,entry-level
1243,Sales,Male,1,31,2.95,7700,entry-level
1244,Marketing,Male,1,39,4.23,8500,entry-level
1245,IT,Female,3,43,4.32,17800,junior
1246,Marketing,Female,1,39,4.23,8500,entry-level
1247,IT,Male,4,20,2.25,19500,junior
1248,IT,Male,1,39,4.22,8500,entry-level
1249,IT,Male,2,25,2.63,10100,junior
1250,Sales,Male,3,31,2.95,14000,junior
1251,Marketing,Male,3,43,4.31,17800,junior
1252,IT,Male,1,39,4.22,8500,entry-level
1253,Sales,Male,3,35,2.95,14000,junior
1254,Marketing,Male,5,39,4.05,21200,mid-level
1255,IT,Male,5,39,4.05,21200,mid-level
1256,IT,Male,3,40,4.3,17800,junior
1257,IT,Male,1,39,4.2,8500,entry-level
1258,IT,Female,2,25,2.65,10100,junior
1259,IT,Male,3,43,4.28,17800,junior
1260,Marketing,Female,1,39,4.2,8500,entry-level
1261,Marketing,Female,1,39,4.18,8500,entry-level
1262,IT,Male,0,40,4.42,6000,entry-level
1263,Sales,Male,2,31,2.96,10100,junior
1264,Sales,Female,1,35,2.96,7700,entry-level
1265,IT,Male,1,39,4.17,8500,entry-level
1266,Sales,Female,3,31,2.96,14000,junior
1267,Sales,Male,2,31,2.97,10100,junior
1268,Sales,Male,2,31,2.98,10100,junior
1269,IT,Male,2,25,2.65,10100,junior
1270,Sales,Male,3,31,2.98,14000,junior
1271,Sales,Male,4,31,3.02,20000,junior
1272,IT,Male,3,39,4.27,17800,junior
1273,Marketing,Female,1,39,4.15,8500,entry-level
1274,Sales,Male,1,31,3.03,7700,entry-level
1275,HR,Male,0,31,3.03,6000,entry-level
1276,IT,Female,5,39,4.01,21200,mid-level
1277,HR,Male,1,31,3.04,7700,entry-level
1278,IT,Female,3,40,4.27,17800,junior
1279,IT,Male,3,40,4.27,17800,junior
1280,Marketing,Male,3,39,4.25,17800,junior
1281,Sales,Male,3,31,3.04,14000,junior
1282,HR,Female,9,35,3.06,41000,senior
1283,IT,Female,1,39,4.14,8500,entry-level
1284,Marketing,Female,3,40,4.25,17800,junior
1285,IT,Female,2,25,2.68,10100,junior
1286,IT,Male,1,38,4.14,8500,entry-level
1287,Marketing,Male,4,20,2.31,19500,junior
1288,IT,Male,3,39,4.23,17800,junior
1289,Marketing,Male,5,35,3.98,21200,mid-level
1290,Sales,Male,1,31,3.07,7700,entry-level
1291,Marketing,Female,3,40,4.23,17800,junior
1292,IT,Male,2,25,2.74,10100,junior
1293,HR,Male,0,31,3.07,6000,entry-level
1294,Marketing,Female,3,40,4.22,17800,junior
1295,Marketing,Male,0,40,4.27,6000,entry-level
1296,Marketing,Male,1,39,4.13,8500,entry-level
1297,Marketing,Male,3,39,4.21,17800,junior
1298,HR,Male,0,35,3.07,6000,entry-level
1299,IT,Female,1,39,4.12,8500,entry-level
1300,Sales,Male,1,31,3.08,7700,entry-level
1301,Sales,Female,1,31,3.09,7700,entry-level
1302,Marketing,Male,3,39,4.16,17800,junior
1303,Marketing,Male,0,39,4.2,6000,entry-level
1304,Sales,Female,3,35,3.09,14000,junior
1305,Marketing,Male,1,39,4.08,8500,entry-level
1306,Sales,Female,1,31,3.1,7700,entry-level
1307,Sales,Male,1,35,3.1,7700,entry-level
1308,Marketing,Female,1,38,4.07,8500,entry-level
1309,Sales,Male,0,31,3.1,6000,entry-level
1310,Sales,Female,1,35,3.11,7700,entry-level
1311,IT,Male,3,39,4.14,17800,junior
1312,Sales,Female,5,31,3.12,19700,mid-level
1313,IT,Male,4,25,2.44,19500,junior
1314,IT,Female,1,39,4.06,8500,entry-level
1315,Sales,Male,1,31,3.13,7700,entry-level
1316,Sales,Male,6,35,3.13,21000,mid-level
1317,Marketing,Female,1,39,4.06,8500,entry-level
1318,IT,Female,2,31,2.83,10100,junior
1319,Sales,Male,1,31,3.14,7700,entry-level
1320,Marketing,Male,4,20,2.46,19500,junior
1321,Marketing,Male,3,39,4.1,17800,junior
1322,Sales,Male,1,31,3.14,7700,entry-level
1323,HR,Female,0,31,3.14,6000,entry-level
1324,IT,Male,5,35,3.9,20000,mid-level
1325,Marketing,Male,1,38,4.04,8500,entry-level
1326,IT,Female,1,38,4.03,8500,entry-level
1327,Marketing,Female,4,20,2.46,19500,junior
1328,Marketing,Male,1,39,4.02,8500,entry-level
1329,IT,Female,5,35,3.87,20000,mid-level
1330,Marketing,Male,3,39,4.09,17800,junior
1331,IT,Female,4,25,2.48,19500,junior
1332,Sales,Male,0,31,3.15,6000,entry-level
1333,IT,Female,4,30,2.54,19500,junior
1334,Marketing,Female,1,35,4.01,8500,entry-level
1335,Marketing,Male,3,39,4.07,17200,junior
1336,IT,Male,1,35,4.01,8500,entry-level
1337,HR,Male,1,31,3.16,7700,entry-level
1338,Marketing,Male,0,39,4.09,6000,entry-level
1339,IT,Male,2,35,2.88,10100,junior
1340,HR,Male,3,31,3.16,15050,junior
1341,Sales,Female,1,31,3.17,7700,entry-level
1342,IT,Male,0,39,4.08,6000,entry-level
1343,Marketing,Female,3,39,4.05,17200,junior
1344,IT,Male,1,38,4,8500,entry-level
1345,IT,Male,5,30,3.83,20000,mid-level
1346,Sales,Male,1,35,3.17,7700,entry-level
1347,Marketing,Female,3,39,4.05,17200,junior
1348,IT,Male,4,30,2.55,19500,junior
1349,IT,Female,3,39,4.03,17200,junior
1350,Sales,Male,1,35,3.17,7700,entry-level
1351,IT,Female,2,31,2.92,10100,junior
1352,Marketing,Male,3,39,4.01,17200,junior
1353,Sales,Male,3,31,3.17,15050,junior
1354,Sales,Male,3,31,3.17,15050,junior
1355,IT,Male,1,35,3.98,8000,entry-level
1356,Sales,Male,6,35,3.17,21000,mid-level
1357,IT,Female,1,35,3.96,8000,entry-level
1358,IT,Male,4,25,2.58,19500,junior
1359,IT,Female,4,25,2.65,19500,junior
1360,IT,Male,4,25,2.65,19500,junior
1361,IT,Male,2,31,2.92,10100,junior
1362,IT,Male,3,35,3.98,17200,junior
1363,IT,Male,3,38,3.98,17200,junior
1364,Sales,Male,6,25,3.17,21000,mid-level
1365,IT,Male,4,25,2.68,19500,junior
1366,Marketing,Female,1,35,3.95,8000,entry-level
1367,HR,Male,4,31,3.18,15600,junior
1368,Marketing,Female,4,25,2.7,20000,junior
1369,IT,Male,1,35,3.95,8000,entry-level
1370,Sales,Male,1,31,3.18,7700,entry-level
1371,IT,Female,0,39,4.08,6000,entry-level
1372,IT,Male,0,39,4.06,6000,entry-level
1373,Marketing,Male,4,25,2.73,20000,junior
1374,IT,Male,1,35,3.95,8000,entry-level
1375,HR,Female,1,35,3.18,7300,entry-level
1376,Marketing,Male,0,35,4.01,6000,entry-level
1377,Sales,Male,1,31,3.2,7700,entry-level
1378,Sales,Female,1,35,3.2,8000,entry-level
1379,Sales,Male,6,35,3.2,21000,mid-level
1380,IT,Male,1,38,3.95,8000,entry-level
1381,IT,Female,2,31,2.95,10100,junior
1382,Sales,Male,2,35,3.21,10100,junior
1383,IT,Male,0,35,4,6000,entry-level
1384,IT,Female,1,35,3.92,8000,entry-level
1385,Marketing,Female,1,38,3.92,8000,entry-level
1386,Sales,Female,0,31,3.21,6000,entry-level
1387,IT,Female,4,25,2.73,20000,junior
1388,IT,Female,4,25,2.76,20000,junior
1389,Sales,Male,1,31,3.22,8000,entry-level
1390,Marketing,Male,3,35,3.9,17200,junior
1391,Marketing,Female,3,35,3.88,17200,junior
1392,IT,Male,0,35,3.98,6000,entry-level
1393,IT,Male,4,25,2.76,20000,junior
1394,Sales,Female,1,35,3.22,8000,entry-level
1395,IT,Female,1,35,3.89,8000,entry-level
1396,Sales,Male,1,35,3.23,8000,entry-level
1397,IT,Male,1,38,3.89,8000,entry-level
1398,IT,Male,4,25,2.79,20000,junior
1399,Sales,Male,0,31,3.24,6000,entry-level
1400,IT,Female,1,38,3.89,8000,entry-level
1401,Sales,Male,4,35,3.25,20000,junior
1402,IT,Male,0,35,3.95,6000,entry-level
1403,Marketing,Male,1,35,3.87,8000,entry-level
1404,HR,Male,3,35,3.25,15050,junior
1405,IT,Male,1,35,3.86,8000,entry-level
1406,Sales,Male,4,31,3.26,20000,junior
1407,Sales,Male,1,31,3.26,8000,entry-level
1408,IT,Female,4,25,2.79,20000,junior
1409,Sales,Male,1,31,3.26,8000,entry-level
1410,Sales,Female,1,31,3.28,8000,entry-level
1411,Sales,Female,2,35,3.29,10100,junior
1412,IT,Male,2,35,2.97,10100,junior
1413,IT,Female,1,35,3.86,8000,entry-level
1414,IT,Male,4,25,2.79,20000,junior
1415,IT,Female,3,35,3.8,16000,junior
1416,Sales,Female,5,31,3.29,19700,mid-level
1417,IT,Male,4,25,2.79,20000,junior
1418,IT,Female,3,30,3.78,16000,junior
1419,Marketing,Male,4,35,2.93,20000,junior
1420,Marketing,Male,1,30,3.85,8000,entry-level
1421,Sales,Male,1,31,3.29,8000,entry-level
1422,Sales,Female,2,35,3.3,10100,junior
1423,Marketing,Female,0,35,3.92,6000,entry-level
1424,IT,Male,1,30,3.84,8000,entry-level
1425,IT,Male,0,38,3.91,6000,entry-level
1426,Marketing,Female,2,31,2.98,10100,junior
1427,IT,Male,5,30,3.69,20000,mid-level
1428,Marketing,Female,1,35,3.84,8000,entry-level
1429,Marketing,Male,5,35,3.68,19700,mid-level
1430,Marketing,Male,1,30,3.83,8000,entry-level
1431,IT,Male,0,35,3.9,6000,entry-level
1432,IT,Male,2,35,2.98,10100,junior
1433,Sales,Male,3,31,3.32,15050,junior
1434,Sales,Male,1,31,3.34,8000,entry-level
1435,IT,Male,1,30,3.81,8000,entry-level
1436,IT,Male,1,35,3.81,8000,entry-level
1437,Sales,Female,0,31,3.34,6000,entry-level
1438,Sales,Male,2,31,3.35,10100,junior
1439,IT,Male,3,30,3.77,16000,junior
1440,IT,Male,1,30,3.79,8000,entry-level
1441,IT,Female,5,30,3.67,19700,mid-level
1442,IT,Female,0,35,3.85,6000,entry-level
1443,IT,Female,4,31,2.96,20000,junior
1444,Sales,Male,2,31,3.35,10100,junior
1445,Sales,Female,3,31,3.35,15050,junior
1446,Sales,Female,1,31,3.36,8000,entry-level
1447,IT,Female,1,30,3.78,8000,entry-level
1448,Sales,Female,1,31,3.36,8000,entry-level
1449,Sales,Male,1,31,3.36,8000,entry-level
1450,IT,Male,3,35,3.75,16000,junior
1451,IT,Male,1,35,3.77,8000,entry-level
1452,IT,Male,3,30,3.74,16000,junior
1453,IT,Female,2,31,3.01,10100,junior
1454,IT,Male,4,31,3.02,20000,junior
1455,IT,Male,0,30,3.83,6000,entry-level
1456,Marketing,Female,4,31,3.02,20000,junior
1457,Sales,Female,0,31,3.36,6000,entry-level
1458,IT,Male,3,30,3.73,16000,junior
1459,Marketing,Female,3,30,3.72,16000,junior
1460,HR,Male,2,35,3.36,10100,junior
1461,Marketing,Female,1,30,3.75,8000,entry-level
1462,IT,Female,4,35,3.12,20000,junior
1463,IT,Male,1,35,3.75,8000,entry-level
1464,Marketing,Male,3,30,3.71,16000,junior
1465,Sales,Male,1,31,3.37,8000,entry-level
1466,Marketing,Male,1,35,3.75,8000,entry-level
1467,IT,Female,1,35,3.73,8000,entry-level
1468,IT,Female,3,30,3.7,16000,junior
1469,IT,Male,2,35,3.01,10100,junior
1470,Marketing,Male,1,35,3.73,8000,entry-level
1471,IT,Male,1,30,3.72,8000,entry-level
1472,Marketing,Female,3,30,3.69,16000,junior
1473,IT,Male,1,30,3.71,8000,entry-level
1474,IT,Male,4,31,3.13,20000,junior
1475,IT,Female,0,35,3.83,6000,entry-level
1476,IT,Male,0,30,3.8,6000,entry-level
1477,Sales,Female,5,31,3.39,19700,mid-level
1478,Sales,Male,4,35,3.39,20000,junior
1479,IT,Female,1,30,3.7,8000,entry-level
1480,Marketing,Male,1,30,3.69,8000,entry-level
1481,IT,Male,0,30,3.79,6000,entry-level
1482,Sales,Female,0,31,3.39,6000,entry-level
1483,IT,Female,3,30,3.67,16000,junior
1484,Sales,Male,4,35,3.39,20000,junior
1485,IT,Female,3,35,3.66,16000,junior
1486,IT,Female,0,30,3.79,6000,entry-level
1487,Sales,Male,1,31,3.4,8000,entry-level
1488,IT,Female,0,30,3.78,6000,entry-level
1489,Marketing,Male,1,30,3.69,8000,entry-level
1490,Sales,Male,4,35,3.4,20000,junior
1491,IT,Male,0,30,3.75,6000,entry-level
1492,IT,Male,3,35,3.65,16000,junior
1493,IT,Male,0,30,3.71,6000,entry-level
1494,Sales,Male,0,31,3.41,6000,entry-level
1495,Marketing,Male,2,35,3.07,10100,junior
1496,Sales,Male,1,35,3.41,8000,entry-level
1497,IT,Male,0,30,3.67,6000,entry-level
1498,IT,Male,1,30,3.67,8000,entry-level
1499,Sales,Female,5,35,3.42,19700,mid-level
1500,IT,Male,0,35,3.67,6000,entry-level
1501,Marketing,Female,3,35,3.65,16000,junior
1502,IT,Male,0,31,3.59,6000,entry-level
1503,IT,Male,1,35,3.67,8000,entry-level
1504,IT,Male,1,30,3.65,8000,entry-level
1505,Sales,Male,0,31,3.42,6000,entry-level
1506,IT,Female,1,30,3.64,8000,entry-level
1507,IT,Female,1,30,3.63,8000,entry-level
1508,IT,Male,4,31,3.13,20000,junior
1509,Sales,Female,0,35,3.42,6000,entry-level
1510,IT,Male,4,31,3.16,20000,junior
1511,Sales,Female,1,31,3.42,8000,entry-level
1512,Sales,Male,0,35,3.42,6000,entry-level
1513,Sales,Female,4,35,3.42,20000,junior
1514,Marketing,Male,0,31,3.59,6000,entry-level
1515,IT,Male,4,31,3.2,20000,junior
1516,IT,Male,4,31,3.21,20000,junior
1517,IT,Male,4,31,3.23,20000,junior
1518,Marketing,Female,3,31,3.6,16000,junior
1519,IT,Female,1,35,3.62,8000,entry-level
1520,Sales,Male,1,31,3.43,8000,entry-level
1521,IT,Male,2,35,3.09,10100,junior
1522,IT,Female,1,31,3.61,8000,entry-level
1523,IT,Female,0,31,3.58,6000,entry-level
1524,Marketing,Female,1,31,3.6,8000,entry-level
1525,IT,Male,2,31,3.1,10100,junior
1526,Sales,Female,0,31,3.44,6000,entry-level
1527,Marketing,Female,2,35,3.16,10100,junior
1528,Marketing,Female,3,31,3.6,16000,junior
1529,IT,Male,4,35,3.23,20000,junior
1530,Sales,Male,2,35,3.44,10100,junior
1531,IT,Female,2,31,3.17,10100,junior
1532,Sales,Male,1,31,3.46,8000,entry-level
1533,Sales,Female,1,35,3.46,8000,entry-level
1534,IT,Male,1,31,3.6,8000,entry-level
1535,Sales,Male,3,31,3.46,15050,junior
1536,Marketing,Female,5,31,3.51,19700,mid-level
1537,IT,Male,3,31,3.57,16000,junior
1538,IT,Female,1,35,3.59,8000,entry-level
1539,IT,Male,2,31,3.22,10100,junior
1540,Sales,Male,1,31,3.49,8000,entry-level
1541,IT,Male,1,35,3.59,8000,entry-level
1542,IT,Male,0,35,3.54,6000,entry-level
1543,Sales,Female,1,35,3.49,8000,entry-level
1544,Marketing,Male,0,35,3.54,6000,entry-level
1545,IT,Male,1,31,3.58,8000,entry-level
1546,IT,Male,2,31,3.28,10100,junior
1547,IT,Male,4,31,3.32,20000,junior
1548,Sales,Male,0,35,3.5,6000,entry-level
1549,IT,Female,1,31,3.57,8000,entry-level
1550,IT,Male,1,35,3.57,8000,entry-level
1551,Sales,Male,2,31,3.5,10100,junior
1552,IT,Female,1,35,3.56,8000,entry-level
1553,HR,Female,6,35,3.5,17800,mid-level
1554,IT,Female,1,31,3.54,8000,entry-level
1555,IT,Male,4,31,3.32,20000,junior
1556,IT,Male,1,31,3.53,8000,entry-level
1557,Sales,Male,1,31,3.53,8000,entry-level
1558,IT,Female,4,31,3.33,20000,junior
1559,IT,Female,1,31,3.53,8000,entry-level
1560,Sales,Male,0,35,3.54,6000,entry-level
1561,Marketing,Male,0,31,3.46,6000,entry-level
1562,IT,Male,4,31,3.36,20000,junior
1563,IT,Female,2,31,3.31,10100,junior
1564,Marketing,Male,1,31,3.52,8000,entry-level
1565,IT,Female,4,35,3.37,20000,junior
1566,IT,Female,0,31,3.46,6000,entry-level
1567,Marketing,Male,3,31,3.55,16000,junior
1568,Marketing,Male,1,35,3.52,8000,entry-level
1569,Sales,Male,3,31,3.54,16000,junior
1570,Marketing,Female,1,31,3.5,8000,entry-level
1571,IT,Female,3,35,3.55,16000,junior
1572,Sales,Female,3,35,3.55,16000,junior
1573,IT,Male,0,31,3.44,6000,entry-level
1574,Marketing,Female,0,31,3.43,6000,entry-level
1575,Sales,Female,5,31,3.56,19700,mid-level
1576,HR,Male,4,31,3.56,15600,junior
1577,Sales,Female,1,35,3.57,8000,entry-level
1578,Sales,Female,4,35,3.58,20000,junior
1579,IT,Male,1,31,3.47,8000,entry-level
1580,HR,Male,3,31,3.6,16000,junior
1581,IT,Female,1,35,3.47,8000,entry-level
1582,Sales,Female,1,31,3.6,8000,entry-level
1583,Sales,Male,1,31,3.61,8000,entry-level
1584,IT,Female,2,31,3.33,10100,junior
1585,IT,Male,3,31,3.51,16000,junior
1586,IT,Male,3,31,3.5,16000,junior
1587,Sales,Female,4,31,3.61,20000,junior
1588,HR,Female,4,31,3.61,15600,junior
1589,Sales,Female,1,30,3.62,8000,entry-level
1590,IT,Male,1,31,3.43,8000,entry-level
1591,Marketing,Male,1,35,3.43,8000,entry-level
1592,Sales,Male,1,31,3.62,8000,entry-level
1593,Sales,Male,4,31,3.62,20000,junior
1594,IT,Male,1,35,3.41,8000,entry-level
1595,Marketing,Male,2,31,3.34,10100,junior
1596,IT,Male,3,31,3.5,16000,junior
1597,Sales,Female,2,31,3.62,10100,junior
1598,Sales,Male,6,35,3.62,24300,mid-level
1599,IT,Female,3,31,3.5,16000,junior
1600,Marketing,Female,3,31,3.49,16000,junior
1601,HR,Male,1,30,3.63,8000,entry-level
1602,IT,Male,0,31,3.4,6000,entry-level
1603,IT,Female,3,31,3.48,16000,junior
1604,IT,Male,1,31,3.4,8000,entry-level
1605,IT,Male,3,31,3.47,16000,junior
1606,IT,Female,3,31,3.47,16000,junior
1607,Sales,Male,1,35,3.65,8000,entry-level
1608,Marketing,Male,1,31,3.39,8000,entry-level
1609,IT,Female,3,35,3.47,16000,junior
1610,Sales,Male,3,30,3.66,16000,junior
1611,IT,Female,5,31,3.3,19700,mid-level
1612,Sales,Male,1,35,3.67,8000,entry-level
1613,IT,Male,1,31,3.38,8000,entry-level
1614,IT,Male,3,35,3.46,16000,junior
1615,IT,Male,1,31,3.37,8000,entry-level
1616,Sales,Male,1,30,3.68,8000,entry-level
1617,HR,Male,8,35,3.68,41500,senior
1618,IT,Male,1,35,3.37,8000,entry-level
1619,HR,Male,1,30,3.69,8000,entry-level
1620,Sales,Male,0,30,3.69,6000,entry-level
1621,Sales,Female,3,30,3.7,16000,junior
1622,IT,Male,1,31,3.36,8000,entry-level
1623,Sales,Male,2,35,3.71,10100,junior
1624,Marketing,Female,1,35,3.36,8000,entry-level
1625,IT,Male,1,31,3.35,8000,entry-level
1626,IT,Female,3,31,3.39,15050,junior
1627,IT,Female,0,31,3.36,6000,entry-level
1628,Sales,Male,2,35,3.72,10100,junior
1629,IT,Male,1,31,3.32,8000,entry-level
1630,Sales,Male,2,30,3.73,10100,junior
1631,IT,Female,5,31,3.26,19700,mid-level
1632,Sales,Male,1,30,3.75,8000,entry-level
1633,Marketing,Male,1,31,3.32,8000,entry-level
1634,Marketing,Female,1,31,3.31,8000,entry-level
1635,IT,Male,1,31,3.29,8000,entry-level
1636,Sales,Male,0,30,3.75,6000,entry-level
1637,Sales,Female,4,30,3.75,20000,junior
1638,IT,Male,3,31,3.39,15050,junior
1639,IT,Male,3,31,3.39,15050,junior
1640,IT,Male,1,31,3.28,8000,entry-level
1641,Sales,Female,3,30,3.76,16000,junior
1642,Sales,Male,4,30,3.76,20000,junior
1643,IT,Male,1,31,3.26,8000,entry-level
1644,Marketing,Female,4,35,3.53,20000,junior
1645,Sales,Male,1,30,3.77,8000,entry-level
1646,IT,Female,1,31,3.26,8000,entry-level
1647,IT,Male,3,31,3.38,15050,junior
1648,IT,Female,3,31,3.37,15050,junior
1649,Sales,Male,4,30,3.77,20000,junior
1650,IT,Female,4,31,3.55,20000,junior
1651,IT,Female,3,31,3.36,15050,junior
1652,IT,Male,4,31,3.55,20000,junior
1653,Sales,Male,1,30,3.79,8000,entry-level
1654,IT,Male,0,31,3.31,6000,entry-level
1655,IT,Female,1,35,3.26,8000,entry-level
1656,Sales,Male,1,30,3.79,8000,entry-level
1657,IT,Male,0,31,3.31,6000,entry-level
1658,Marketing,Male,3,31,3.34,15050,junior
1659,IT,Male,2,35,3.35,10100,junior
1660,Sales,Male,0,30,3.8,6000,entry-level
1661,IT,Male,2,35,3.4,10100,junior
1662,Marketing,Female,1,31,3.24,8000,entry-level
1663,IT,Female,1,35,3.24,8000,entry-level
1664,IT,Male,0,31,3.29,6000,entry-level
1665,IT,Male,1,31,3.23,8000,entry-level
1666,IT,Female,3,31,3.33,15050,junior
1667,IT,Female,3,31,3.33,15050,junior
1668,Marketing,Male,4,35,3.55,20000,junior
1669,Sales,Male,0,30,3.8,6000,entry-level
1670,Marketing,Male,4,35,3.55,20000,junior
1671,IT,Female,1,31,3.23,8000,entry-level
1672,IT,Female,1,35,3.23,8000,entry-level
1673,HR,Male,1,30,3.81,8000,entry-level
1674,Marketing,Male,0,35,3.27,6000,entry-level
1675,IT,Male,2,31,3.42,10100,junior
1676,Sales,Female,1,35,3.82,8000,entry-level
1677,IT,Female,3,35,3.29,15050,junior
1678,IT,Male,5,31,3.18,19700,mid-level
1679,IT,Female,4,31,3.56,20000,junior
1680,Marketing,Female,3,31,3.25,15050,junior
1681,Sales,Female,3,30,3.83,17200,junior
1682,Marketing,Male,5,31,3.13,19700,mid-level
1683,Sales,Female,0,35,3.83,6000,entry-level
1684,IT,Female,4,31,3.58,20000,junior
1685,Marketing,Female,2,35,3.44,10100,junior
1686,Marketing,Male,0,31,3.26,6000,entry-level
1687,Sales,Female,2,35,3.83,10100,junior
1688,IT,Female,3,31,3.24,15050,junior
1689,Sales,Male,3,30,3.84,17200,junior
1690,Sales,Male,1,30,3.84,8000,entry-level
1691,Sales,Female,0,30,3.84,6000,entry-level
1692,IT,Female,4,31,3.6,20000,junior
1693,IT,Male,2,35,3.45,10100,junior
1694,IT,Male,3,31,3.22,15050,junior
1695,Sales,Male,3,35,3.85,17200,junior
1696,Sales,Male,1,35,3.86,8000,entry-level
1697,IT,Male,1,31,3.18,7700,entry-level
1698,IT,Male,2,35,3.5,10100,junior
1699,IT,Male,3,31,3.22,15050,junior
1700,Sales,Male,4,35,3.87,20000,junior
1701,IT,Male,0,31,3.25,6000,entry-level
1702,Sales,Male,1,38,3.89,8000,entry-level
1703,Sales,Male,0,38,3.89,6000,entry-level
1704,IT,Female,2,31,3.54,10100,junior
1705,Sales,Male,1,38,3.9,8000,entry-level
1706,Sales,Male,1,38,3.9,8000,entry-level
1707,HR,Male,4,38,3.94,15600,junior
1708,IT,Female,3,31,3.2,15050,junior
1709,IT,Female,1,31,3.17,7700,entry-level
1710,Sales,Male,1,35,3.95,8000,entry-level
1711,Sales,Male,1,35,3.95,8000,entry-level
1712,Sales,Male,0,38,3.95,6000,entry-level
1713,Sales,Male,5,38,3.96,20000,mid-level
1714,IT,Male,1,31,3.16,7700,entry-level
1715,IT,Male,5,31,3.08,19700,mid-level
1716,Sales,Female,1,35,3.96,8000,entry-level
1717,IT,Female,3,31,3.19,15050,junior
1718,Marketing,Male,2,35,3.55,10100,junior
1719,IT,Female,1,31,3.16,7700,entry-level
1720,Sales,Female,3,35,3.96,17200,junior
1721,IT,Male,0,31,3.19,6000,entry-level
1722,Sales,Female,4,38,3.97,20000,junior
1723,Sales,Male,4,38,3.97,20000,junior
1724,Marketing,Male,2,31,3.59,10100,junior
1725,IT,Female,5,31,3.06,19700,mid-level
1726,IT,Female,1,35,3.15,7700,entry-level
1727,Marketing,Male,0,35,3.19,6000,entry-level
1728,Sales,Female,1,35,3.98,8000,entry-level
1729,IT,Female,4,30,3.63,20000,junior
1730,Sales,Male,1,38,3.98,8000,entry-level
1731,Marketing,Male,0,35,3.17,6000,entry-level
1732,Sales,Male,0,35,3.98,6000,entry-level
1733,IT,Female,0,31,3.15,6000,entry-level
1734,Sales,Male,0,38,3.98,6000,entry-level
1735,IT,Male,3,31,3.13,14000,junior
1736,IT,Male,2,30,3.63,10100,junior
1737,IT,Male,3,35,3.13,14000,junior
1738,IT,Female,1,31,3.14,7700,entry-level
1739,Sales,Female,1,35,3.99,8500,entry-level
1740,IT,Male,2,30,3.65,10100,junior
1741,IT,Male,2,35,3.65,10100,junior
1742,IT,Female,4,30,3.63,20000,junior
1743,Sales,Female,2,38,3.99,10100,junior
1744,Sales,Female,1,35,4,8500,entry-level
1745,Sales,Male,0,35,4,6000,entry-level
1746,Sales,Female,4,35,4,20000,junior
1747,HR,Female,4,35,4,16000,junior
1748,Sales,Female,0,38,4.01,6000,entry-level
1749,IT,Female,0,31,3.15,6000,entry-level
1750,IT,Female,1,31,3.07,7700,entry-level
1751,Sales,Female,6,38,4.01,24300,mid-level
1752,IT,Male,4,30,3.68,20000,junior
1753,Marketing,Male,4,35,3.71,20000,junior
1754,IT,Male,0,31,3.14,6000,entry-level
1755,IT,Male,1,31,3.07,7700,entry-level
1756,IT,Male,1,31,3.07,7700,entry-level
1757,IT,Female,1,31,3.06,7700,entry-level
1758,Sales,Female,1,38,4.02,8500,entry-level
1759,IT,Female,0,31,3.13,6000,entry-level
1760,Marketing,Male,2,35,3.66,10100,junior
1761,IT,Male,0,31,3.13,6000,entry-level
1762,Sales,Male,2,39,4.02,10100,junior
1763,IT,Male,1,31,3.05,7700,entry-level
1764,Sales,Female,6,38,4.02,24300,mid-level
1765,Sales,Male,0,39,4.03,6000,entry-level
1766,IT,Male,1,35,3.04,7700,entry-level
1767,IT,Male,0,31,3.12,6000,entry-level
1768,Marketing,Male,5,31,2.97,19700,mid-level
1769,Sales,Male,4,38,4.03,20000,junior
1770,IT,Female,3,35,3.08,14000,junior
1771,IT,Male,0,31,3.12,6000,entry-level
1772,IT,Male,3,35,3.07,14000,junior
1773,Marketing,Female,3,31,3.05,14000,junior
1774,IT,Male,2,30,3.72,10100,junior
1775,IT,Male,1,35,3.02,7700,entry-level
1776,Sales,Female,1,39,4.04,8500,entry-level
1777,IT,Female,4,30,3.73,20000,junior
1778,Marketing,Male,1,31,3.01,7700,entry-level
1779,IT,Male,1,31,3.01,7700,entry-level
1780,IT,Male,1,31,3.01,7700,entry-level
1781,IT,Male,1,31,2.99,7700,entry-level
1782,IT,Female,1,31,2.97,7700,entry-level
1783,IT,Male,1,31,2.96,7700,entry-level
1784,Sales,Female,1,39,4.05,8500,entry-level
1785,Sales,Male,3,39,4.05,17200,junior
1786,IT,Male,1,31,2.94,7700,entry-level
1787,Sales,Male,1,39,4.06,8500,entry-level
1788,Marketing,Male,4,30,3.73,20000,junior
1789,HR,Male,6,38,4.06,18000,mid-level
1790,IT,Male,0,31,3.11,6000,entry-level
1791,IT,Male,0,31,3.11,6000,entry-level
1792,Sales,Male,1,38,4.07,8500,entry-level
1793,Sales,Female,3,38,4.07,17200,junior
1794,Sales,Female,2,39,4.07,11000,junior
1795,IT,Female,2,30,3.75,10100,junior
1796,IT,Male,3,31,3.01,14000,junior
1797,IT,Male,1,31,2.91,7700,entry-level
1798,IT,Female,3,35,2.99,14000,junior
1799,Marketing,Male,2,35,3.76,10100,junior
1800,IT,Male,1,31,2.9,7700,entry-level
1801,Sales,Male,1,38,4.08,8500,entry-level
1802,Sales,Female,4,38,4.08,21000,junior
1803,IT,Female,1,31,2.88,7700,entry-level
1804,Sales,Male,5,38,4.09,21200,mid-level
1805,IT,Male,3,35,2.98,14000,junior
1806,Sales,Female,1,38,4.1,8500,entry-level
1807,Sales,Male,2,38,4.1,11000,junior
1808,IT,Male,0,31,3.08,6000,entry-level
1809,Sales,Male,0,38,4.11,6000,entry-level
1810,IT,Male,2,30,3.79,10100,junior
1811,IT,Male,2,30,3.82,10100,junior
1812,IT,Female,0,35,3.07,6000,entry-level
1813,Sales,Male,2,38,4.11,11000,junior
1814,IT,Male,3,31,2.97,14000,junior
1815,Sales,Female,1,39,4.13,8500,entry-level
1816,IT,Female,1,35,2.86,7700,entry-level
1817,Sales,Male,6,38,4.13,24300,mid-level
1818,Sales,Male,2,38,4.13,11000,junior
1819,Sales,Male,4,39,4.14,21000,junior
1820,Sales,Female,1,39,4.15,8500,entry-level
1821,Sales,Male,3,39,4.16,17800,junior
1822,Sales,Female,1,39,4.17,8500,entry-level
1823,IT,Male,5,25,2.78,19700,mid-level
1824,Sales,Male,1,39,4.17,8500,entry-level
1825,Sales,Male,6,40,4.17,24300,mid-level
1826,IT,Male,1,25,2.83,7700,entry-level
1827,IT,Female,0,35,3.01,6000,entry-level
1828,Sales,Male,4,38,4.17,21000,junior
1829,Sales,Male,0,39,4.18,6000,entry-level
1830,Sales,Male,7,35,4.18,39100,mid-level
1831,IT,Male,1,15,2.8,7700,entry-level
1832,IT,Male,4,30,3.77,20000,junior
1833,IT,Male,3,31,2.94,14000,junior
1834,Sales,Female,7,35,4.18,39100,mid-level
1835,Sales,Male,7,25,4.18,39100,mid-level
1836,IT,Male,0,31,3,6000,entry-level
1837,IT,Male,1,15,2.79,7700,entry-level
1838,IT,Male,1,15,2.79,7700,entry-level
1839,IT,Female,1,25,2.79,7700,entry-level
1840,IT,Male,0,31,2.96,6000,entry-level
1841,IT,Male,1,25,2.76,7700,entry-level
1842,Marketing,Male,0,31,2.94,6000,entry-level
1843,IT,Female,3,35,2.88,14000,junior
1844,Sales,Female,7,25,4.18,39100,mid-level
1845,Sales,Male,5,39,4.19,21200,mid-level
1846,Sales,Female,4,39,4.19,21000,junior
1847,Sales,Male,7,38,4.23,39100,mid-level
1848,IT,Male,2,30,3.84,10100,junior
1849,Sales,Female,7,38,4.23,39800,mid-level
1850,IT,Male,3,31,2.83,14000,junior
1851,IT,Female,0,35,2.9,6000,entry-level
1852,Sales,Male,7,38,4.23,39800,mid-level
1853,Sales,Male,7,38,4.23,39800,mid-level
1854,IT,Male,5,25,2.75,19700,mid-level
1855,Sales,Female,7,35,4.23,39800,mid-level
1856,IT,Male,1,25,2.74,7700,entry-level
1857,IT,Female,1,25,2.73,7700,entry-level
1858,IT,Male,1,25,2.73,7700,entry-level
1859,Sales,Male,7,35,4.23,39800,mid-level
1860,Sales,Male,7,35,4.23,39800,mid-level
1861,Sales,Male,7,35,4.23,39800,mid-level
1862,Sales,Female,7,35,4.23,39800,mid-level
1863,Marketing,Female,3,31,2.81,14000,junior
1864,IT,Male,4,30,3.79,20000,junior
1865,IT,Male,4,30,3.82,20000,junior
1866,IT,Male,2,35,3.88,10100,junior
1867,IT,Female,2,35,3.9,10100,junior
1868,IT,Male,2,38,3.9,10100,junior
1869,IT,Male,2,38,3.93,10100,junior
1870,IT,Female,0,25,2.84,6000,entry-level
1871,Sales,Male,7,35,4.23,39800,mid-level
1872,Marketing,Male,0,31,2.81,6000,entry-level
1873,IT,Male,4,30,3.83,20000,junior
1874,IT,Male,1,25,2.72,7700,entry-level
1875,IT,Female,0,25,2.78,6000,entry-level
1876,Sales,Male,7,35,4.23,39800,mid-level
1877,Sales,Female,7,35,4.23,39800,mid-level
1878,IT,Male,1,25,2.72,7700,entry-level
1879,IT,Male,0,25,2.78,6000,entry-level
1880,Marketing,Male,9,10,3.99,51000,senior
1881,IT,Male,1,25,2.72,7700,entry-level
1882,Marketing,Female,9,25,4.18,51000,senior
1883,IT,Female,1,25,2.7,7700,entry-level
1884,IT,Male,0,25,2.75,6000,entry-level
1885,Marketing,Female,9,22,4.18,51000,senior
1886,Marketing,Male,9,10,4.25,51000,senior
1887,Sales,Male,7,35,4.23,39800,mid-level
1888,IT,Male,6,48,4.96,26000,mid-level
1889,IT,Male,6,48,4.96,26000,mid-level
1890,IT,Male,6,48,4.96,26000,mid-level
1891,IT,Male,6,48,4.96,26000,mid-level
1892,Marketing,Male,4,30,3.84,20000,junior
1893,IT,Male,2,35,3.94,10100,junior
1894,Marketing,Female,1,25,2.7,7700,entry-level
1895,IT,Female,0,25,2.73,6000,entry-level
1896,Sales,Male,5,40,4.25,21200,mid-level
1897,Sales,Male,1,39,4.25,8500,entry-level
1898,Sales,Male,1,39,4.25,8500,entry-level
1899,Sales,Female,7,35,4.25,39800,mid-level
1900,Sales,Male,7,35,4.25,39800,mid-level
1901,IT,Female,1,25,2.69,7700,entry-level
1902,IT,Female,0,25,2.71,6000,entry-level
1903,Sales,Female,7,35,4.25,41000,mid-level
1904,Sales,Female,1,39,4.26,8500,entry-level
1905,IT,Female,4,35,3.9,20000,junior
1906,Sales,Female,3,39,4.27,17800,junior
1907,Sales,Male,3,40,4.27,17800,junior
1908,Marketing,Female,9,35,4.39,51000,senior
1909,Sales,Female,5,39,4.28,21200,mid-level
1910,Sales,Female,0,43,4.28,6000,entry-level
1911,Sales,Male,1,40,4.29,8500,entry-level
1912,IT,Male,1,25,2.65,7700,entry-level
1913,Sales,Male,1,40,4.3,8500,entry-level
1914,IT,Female,2,35,3.97,10100,junior
1915,IT,Female,4,35,3.93,20000,junior
1916,Marketing,Female,1,25,2.63,7700,entry-level
1917,Sales,Female,2,43,4.31,11000,junior
1918,Sales,Female,4,43,4.31,21000,junior
1919,Sales,Male,3,43,4.32,17800,junior
1920,IT,Male,3,25,2.7,14000,junior
1921,Sales,Male,0,43,4.32,6000,entry-level
1922,Marketing,Male,9,25,4.39,51000,senior
1923,Sales,Female,7,40,4.32,41000,mid-level
1924,Sales,Male,3,43,4.33,17800,junior
1925,IT,Male,3,25,2.7,14000,junior
1926,IT,Female,0,25,2.69,6000,entry-level
1927,Sales,Female,3,40,4.33,17800,junior
1928,IT,Female,9,25,4.69,51000,senior
1929,IT,Male,9,25,4.69,51000,senior
1930,Marketing,Male,5,25,2.69,19700,mid-level
1931,IT,Female,4,35,3.97,20000,junior
1932,IT,Male,1,25,2.63,7700,entry-level
1933,Marketing,Male,1,25,2.62,7700,entry-level
1934,Sales,Female,1,43,4.35,8500,entry-level
1935,Sales,Male,1,40,4.37,8500,entry-level
1936,IT,Male,9,25,4.7,51000,senior
1937,IT,Female,3,25,2.69,14000,junior
1938,IT,Female,1,25,2.6,7700,entry-level
1939,IT,Female,6,45,4.51,24300,mid-level
1940,IT,Female,9,25,4.7,51000,senior
1941,IT,Male,9,15,4.73,51099,senior
1942,Sales,Male,1,40,4.37,8500,entry-level
1943,IT,Male,3,25,2.69,14000,junior
1944,Marketing,Male,9,48,5.12,51099,senior
1945,Sales,Male,0,40,4.37,6000,entry-level
1946,Sales,Male,0,40,4.38,6000,entry-level
1947,Sales,Female,2,40,4.38,11000,junior
1948,IT,Female,6,45,4.46,24300,mid-level
1949,IT,Female,0,25,2.67,6000,entry-level
1950,IT,Female,4,35,4,20000,junior
1951,Sales,Female,4,40,4.38,21000,junior
1952,Marketing,Male,1,25,2.6,7700,entry-level
1953,IT,Male,0,25,2.63,6000,entry-level
1954,Sales,Male,0,40,4.39,6000,entry-level
1955,Marketing,Male,0,25,2.61,6000,entry-level
1956,Sales,Female,9,35,4.39,51000,senior
1957,IT,Male,3,25,2.57,13500,junior
1958,IT,Female,4,38,4.02,20000,junior
1959,IT,Male,6,40,4.4,24300,mid-level
1960,Marketing,Female,9,45,5.12,51099,senior
1961,IT,Male,9,45,5.12,51099,senior
1962,IT,Male,6,40,4.38,24300,mid-level
1963,Sales,Male,9,35,4.39,51000,senior
1964,Sales,Male,9,25,4.39,51000,senior
1965,IT,Male,9,45,5.12,51099,senior
1966,IT,Male,1,30,2.56,7700,entry-level
1967,IT,Female,1,25,2.56,7700,entry-level
1968,IT,Male,0,25,2.56,6000,entry-level
1969,IT,Male,9,45,5.12,51099,senior
1970,IT,Male,9,45,5.12,51099,senior
1971,Marketing,Male,6,40,4.35,24300,mid-level
1972,IT,Male,1,30,2.55,7700,entry-level
1973,IT,Female,3,25,2.56,13500,junior
1974,Sales,Male,9,35,4.39,51000,senior
1975,IT,Male,9,40,5.12,51099,senior
1976,IT,Male,9,40,5.12,51099,senior
1977,Sales,Female,9,25,4.39,51000,senior
1978,IT,Male,2,39,4.07,10100,junior
1979,Sales,Male,9,35,4.39,51000,senior
1980,IT,Female,3,30,2.55,13500,junior
1981,IT,Female,2,39,4.07,10100,junior
1982,IT,Male,1,25,2.54,7700,entry-level
1983,IT,Female,9,40,5.12,51099,senior
1984,IT,Male,1,30,2.53,7700,entry-level
1985,IT,Female,1,30,2.52,7700,entry-level
1986,Sales,Male,9,35,4.39,51000,senior
1987,IT,Female,4,39,4.08,20000,junior
1988,IT,Female,3,30,2.52,13500,junior
1989,IT,Female,0,30,2.53,6000,entry-level
1990,Marketing,Female,9,40,5.12,51099,senior
1991,Marketing,Female,9,40,5.12,51099,senior
1992,IT,Female,3,25,2.52,13500,junior
1993,IT,Male,3,20,2.5,13500,junior
1994,Sales,Female,9,35,4.39,51000,senior
1995,IT,Male,3,25,2.49,13500,junior
1996,Sales,Female,7,40,4.39,41000,mid-level
1997,IT,Male,3,20,2.48,13500,junior
1998,Marketing,Male,9,38,5.12,51099,senior
1999,Sales,Female,2,40,4.4,11000,junior
2000,Sales,Male,5,40,4.41,21200,mid-level
2001,Marketing,Female,9,38,5.12,51099,senior
2002,Marketing,Male,9,38,5.12,51290,senior
2003,IT,Male,6,38,4.15,24300,mid-level
2004,Marketing,Female,9,35,5.12,51290,senior
2005,Sales,Female,3,40,4.41,17800,junior
2006,IT,Female,1,15,2.5,7700,entry-level
2007,Sales,Female,0,40,4.41,6000,entry-level
2008,Sales,Female,3,40,4.42,17800,junior
2009,Sales,Male,3,40,4.42,17800,junior
2010,IT,Female,2,38,4.1,11000,junior
2011,Sales,Male,0,40,4.42,6000,entry-level
2012,Sales,Male,1,45,4.43,8500,entry-level
2013,Sales,Female,0,45,4.43,6000,entry-level
2014,IT,Male,1,15,2.5,7700,entry-level
2015,IT,Male,5,30,2.51,19700,mid-level
2016,IT,Male,9,40,5.12,51290,senior
2017,Marketing,Male,5,20,2.49,19700,mid-level
2018,IT,Male,1,15,2.49,7700,entry-level
2019,IT,Female,3,25,2.46,13500,junior
2020,IT,Female,1,15,2.49,7700,entry-level
2021,IT,Male,1,15,2.47,7700,entry-level
2022,IT,Male,8,35,4.61,46000,senior
2023,IT,Male,9,35,5.12,51290,senior
2024,Sales,Male,1,40,4.45,8500,entry-level
2025,IT,Male,1,15,2.46,7700,entry-level
2026,IT,Male,4,39,4.09,21000,junior
2027,IT,Male,1,25,2.46,7700,entry-level
2028,Sales,Female,3,40,4.45,17800,junior
2029,IT,Male,6,38,4.02,24300,mid-level
2030,Sales,Female,3,45,4.45,17800,junior
2031,Marketing,Male,1,15,2.43,7700,entry-level
2032,Sales,Female,2,40,4.45,11000,junior
2033,Sales,Male,0,45,4.46,6000,entry-level
2034,IT,Male,9,35,5.12,51290,senior
2035,IT,Male,9,35,5.12,51290,senior
2036,IT,Female,1,15,2.43,7700,entry-level
2037,IT,Male,2,38,4.14,11000,junior
2038,IT,Female,6,38,3.98,24300,mid-level
2039,Marketing,Male,4,39,4.13,21000,junior
2040,Sales,Female,2,40,4.46,11000,junior
2041,IT,Male,0,25,2.45,6000,entry-level
2042,IT,Female,9,35,5.12,51290,senior
2043,IT,Male,9,35,5.12,51290,senior
2044,Sales,Female,5,45,4.47,21200,mid-level
2045,IT,Male,3,20,2.44,13500,junior
2046,Sales,Female,3,40,4.47,17800,junior
2047,IT,Male,9,35,5.12,51290,senior
2048,Sales,Female,4,45,4.47,21000,junior
2049,IT,Female,9,35,5.12,51290,senior
2050,IT,Female,1,15,2.43,7700,entry-level
2051,IT,Female,0,25,2.45,6000,entry-level
2052,IT,Male,5,25,2.44,19700,mid-level
2053,Marketing,Male,6,38,3.93,24300,mid-level
2054,Marketing,Male,2,39,4.17,11000,junior
2055,IT,Female,9,35,5.12,51290,senior
2056,IT,Male,4,39,4.13,21000,junior
2057,Sales,Female,1,40,4.48,8500,entry-level
2058,IT,Female,9,35,5.12,51290,senior
2059,IT,Male,0,15,2.43,6000,entry-level
2060,IT,Male,6,38,3.9,24300,mid-level
2061,IT,Male,2,40,4.3,11000,junior
2062,IT,Female,1,15,2.42,7700,entry-level
2063,IT,Male,1,15,2.42,7700,entry-level
2064,Marketing,Female,1,25,2.42,7700,entry-level
2065,IT,Female,1,15,2.4,7700,entry-level
2066,Marketing,Female,1,22,2.4,7700,entry-level
2067,IT,Male,0,15,2.42,6000,entry-level
2068,Sales,Female,1,45,4.49,8500,entry-level
2069,IT,Female,5,25,2.43,19700,mid-level
2070,IT,Male,1,15,2.39,7700,entry-level
2071,Sales,Male,3,45,4.49,17800,junior
2072,HR,Female,6,45,4.49,19800,mid-level
2073,Sales,Male,1,45,4.54,8500,entry-level
2074,IT,Male,3,25,2.43,13500,junior
2075,IT,Female,3,25,2.43,13500,junior
2076,Sales,Male,1,45,4.54,8500,entry-level
2077,Marketing,Female,2,40,4.32,11000,junior
2078,HR,Female,8,45,4.54,41900,senior
2079,Sales,Male,1,45,4.55,8500,entry-level
2080,IT,Female,1,15,2.35,7700,entry-level
2081,IT,Male,1,15,2.34,7700,entry-level
2082,IT,Male,1,15,2.33,7700,entry-level
2083,IT,Female,9,35,5.12,53010,senior
2084,IT,Male,8,30,4.61,46000,senior
2085,IT,Male,3,25,2.42,13500,junior
2086,Marketing,Male,6,35,3.79,24300,mid-level
2087,Sales,Female,2,45,4.55,11000,junior
2088,Marketing,Male,2,40,4.32,11000,junior
2089,IT,Female,6,35,3.75,24300,mid-level
2090,IT,Male,6,35,3.75,24300,mid-level
2091,IT,Female,3,25,2.41,13500,junior
2092,IT,Male,1,15,2.32,7700,entry-level
2093,IT,Female,1,15,2.32,7700,entry-level
2094,IT,Female,1,22,2.32,7700,entry-level
2095,Marketing,Male,1,22,2.31,7700,entry-level
2096,IT,Male,2,43,4.33,11000,junior
2097,Sales,Male,1,43,4.57,8500,entry-level
2098,Sales,Female,1,43,4.57,8500,entry-level
2099,IT,Male,8,20,4.61,46000,senior
2100,Marketing,Male,3,22,2.39,13500,junior
2101,IT,Male,8,20,4.61,46000,senior
2102,IT,Male,8,20,4.61,46000,senior
2103,IT,Male,1,22,2.3,7700,entry-level
2104,IT,Female,1,15,2.28,7700,entry-level
2105,IT,Male,0,15,2.37,6000,entry-level
2106,IT,Female,8,15,4.61,46000,senior
2107,IT,Male,3,20,2.38,13500,junior
2108,Sales,Male,3,43,4.57,17800,junior
2109,IT,Male,8,15,4.61,46000,senior
2110,IT,Male,8,15,4.61,46000,senior
2111,Marketing,Male,8,45,4.65,46000,senior
2112,Sales,Male,1,43,4.59,8500,entry-level
2113,Sales,Male,0,43,4.61,6000,entry-level
2114,Marketing,Male,2,40,4.44,11000,junior
2115,Marketing,Female,1,22,2.26,7700,entry-level
2116,IT,Female,6,35,3.64,24300,mid-level
2117,IT,Female,6,35,3.64,24300,mid-level
2118,IT,Male,6,35,3.63,24300,mid-level
2119,Sales,Female,0,45,4.61,6000,entry-level
2120,IT,Male,1,15,2.25,7700,entry-level
2121,IT,Male,1,15,2.25,7700,entry-level
2122,Sales,Female,1,43,4.62,8800,entry-level
2123,IT,Male,5,20,2.31,19700,mid-level
2124,Marketing,Female,8,35,4.65,46000,senior
2125,IT,Female,1,15,2.24,7700,entry-level
2126,Sales,Female,0,43,4.62,6000,entry-level
2127,IT,Male,6,35,3.56,24300,mid-level
2128,IT,Male,1,22,2.21,7700,entry-level
2129,IT,Male,6,35,3.55,24300,mid-level
2130,Marketing,Female,5,22,2.31,19700,mid-level
2131,IT,Female,3,22,2.35,13500,junior
2132,IT,Male,3,22,2.33,13500,junior
2133,Sales,Female,7,45,4.62,41000,mid-level
2134,Sales,Female,1,43,4.63,8800,entry-level
2135,Marketing,Male,8,35,4.65,46000,senior
2136,Marketing,Female,8,25,4.65,46000,senior
2137,Marketing,Male,8,22,4.65,46000,senior
2138,Sales,Female,6,45,4.63,24300,mid-level
2139,IT,Female,0,15,2.36,6000,entry-level
2140,Sales,Male,1,43,4.64,8800,entry-level
2141,IT,Female,5,20,2.27,19700,mid-level
2142,Sales,Male,5,43,4.64,21200,mid-level
2143,Marketing,Female,8,15,4.65,46000,senior
2144,IT,Female,8,45,4.68,45800,senior
2145,IT,Female,8,40,4.68,45800,senior
2146,Sales,Male,2,43,4.64,11000,junior
2147,Sales,Female,2,43,4.66,11000,junior
2148,Sales,Male,1,43,4.67,8800,entry-level
2149,IT,Male,1,15,2.2,7700,entry-level
2150,Sales,Female,0,43,4.67,6000,entry-level
2151,IT,Female,1,15,2.2,7700,entry-level
2152,Marketing,Male,4,40,4.23,21000,junior
2153,IT,Female,1,15,2.2,7700,entry-level
2154,IT,Female,8,40,4.68,45800,senior
2155,IT,Female,6,35,3.45,24300,mid-level
2156,Sales,Female,0,43,4.67,6000,entry-level
2157,Marketing,Male,2,45,4.56,11000,junior
2158,Marketing,Male,2,43,4.64,11000,junior
2159,Marketing,Female,1,22,2.18,7700,entry-level
2160,IT,Female,5,20,2.26,19700,mid-level
2161,Sales,Male,2,43,4.67,12000,junior
2162,IT,Female,0,22,2.28,6000,entry-level
2163,IT,Male,0,15,2.27,6000,entry-level
2164,Sales,Male,2,45,4.68,12000,junior
2165,Marketing,Male,1,15,2.16,7700,entry-level
2166,IT,Male,8,38,4.68,45800,senior
2167,IT,Male,8,38,4.68,45800,senior
2168,Sales,Female,1,50,4.69,8800,entry-level
2169,HR,Female,7,42,4.69,35000,mid-level
2170,IT,Female,8,38,4.68,45800,senior
2171,Marketing,Male,6,35,3.39,21000,mid-level
2172,IT,Female,3,20,2.23,13500,junior
2173,IT,Male,5,22,2.17,19700,mid-level
2174,IT,Female,8,38,4.68,45800,senior
2175,Marketing,Male,6,35,3.38,21000,mid-level
2176,IT,Female,8,38,4.68,45800,senior
2177,IT,Female,8,35,4.68,45800,senior
2178,Marketing,Female,4,43,4.35,21000,junior
2179,IT,Female,1,15,2.15,7700,entry-level
2180,IT,Female,8,35,4.68,45800,senior
2181,Sales,Female,1,50,4.7,8800,entry-level
2182,IT,Female,1,20,2.12,7700,entry-level
2183,IT,Male,8,35,4.68,45800,senior
2184,IT,Female,8,35,4.68,45800,senior
2185,Sales,Male,4,50,4.72,21000,junior
2186,IT,Male,8,35,4.68,45800,senior
2187,Sales,Female,3,50,4.73,18365,junior
2188,Marketing,Male,4,40,4.36,21000,junior
2189,Sales,Female,6,45,4.73,26000,mid-level
2190,IT,Male,9,25,5.12,53010,senior
2191,IT,Male,8,35,4.68,45800,senior
2192,IT,Male,0,15,2.25,6000,entry-level
2193,IT,Male,8,35,4.68,45800,senior
2194,IT,Male,1,15,2.11,7700,entry-level
2195,Sales,Male,2,20,4.73,12000,junior
2196,IT,Male,6,35,3.25,21000,mid-level
2197,IT,Female,3,22,2.17,13500,junior
2198,Sales,Male,3,40,4.74,18365,junior
2199,IT,Female,8,48,4.96,45800,senior
2200,IT,Male,6,35,3.24,21000,mid-level
2201,Sales,Female,1,50,4.75,8800,entry-level
2202,IT,Male,8,48,4.96,45800,senior
2203,IT,Female,6,35,3.23,21000,mid-level
2204,Sales,Male,7,45,4.75,41000,mid-level
2205,Sales,Male,6,45,4.76,26000,mid-level
2206,Marketing,Male,1,15,2.09,7700,entry-level
2207,Sales,Male,3,50,4.77,18365,junior
2208,IT,Female,1,15,2.02,7700,entry-level
2209,Sales,Female,3,50,4.77,18365,junior
2210,Sales,Male,2,50,4.77,12000,junior
2211,IT,Male,2,40,4.74,12000,junior
2212,Sales,Male,0,50,4.8,6000,entry-level
2213,Sales,Male,6,48,4.82,26000,mid-level
2214,Sales,Female,2,40,4.82,12000,junior
2215,IT,Male,0,15,2.25,6000,entry-level
2216,IT,Male,1,15,1.98,7700,entry-level
2217,HR,Female,1,50,4.83,7800,entry-level
2218,IT,Male,1,15,1.98,7700,entry-level
2219,IT,Male,1,15,1.97,7700,entry-level
2220,IT,Female,0,22,2.18,6000,entry-level
2221,HR,Male,1,50,4.83,7000,entry-level
2222,IT,Male,6,35,3.15,21000,mid-level
2223,HR,Male,3,48,4.83,18365,junior
2224,Sales,Male,3,48,4.83,18365,junior
2225,HR,Female,3,48,4.83,18365,junior
2226,IT,Female,3,22,2.13,13500,junior
2227,Sales,Male,0,50,4.83,6000,entry-level
2228,IT,Male,3,22,2.13,13500,junior
2229,Sales,Male,2,50,4.84,12000,junior
2230,Sales,Male,0,48,4.85,6000,entry-level
2231,IT,Male,1,15,1.95,7700,entry-level
2232,Sales,Male,6,48,4.87,26000,mid-level
2233,IT,Female,1,15,1.95,7700,entry-level
2234,Sales,Female,6,48,4.88,26000,mid-level
2235,Sales,Male,2,25,4.88,12000,junior
2236,Sales,Male,4,50,4.89,21000,junior
2237,Sales,Male,0,50,4.9,6000,entry-level
2238,IT,Male,4,40,4.46,21000,junior
2239,IT,Female,6,35,3.17,21000,mid-level
2240,Sales,Male,1,50,4.92,8800,entry-level
2241,Sales,Male,0,50,4.94,6000,entry-level
2242,IT,Male,0,22,2.18,6000,entry-level
2243,Sales,Female,1,48,4.99,8800,entry-level
2244,Sales,Female,1,50,5.03,9000,entry-level
2245,Sales,Female,7,48,5.03,42000,mid-level
2246,Sales,Female,0,50,5.05,6900,entry-level
2247,Sales,Female,4,50,5.05,23584,junior
2248,Sales,Female,3,50,5.06,18500,junior
2249,IT,Male,1,20,1.95,7700,entry-level
2250,IT,Female,7,5,3.04,30100,mid-level
2251,IT,Female,1,15,1.93,7700,entry-level
2252,IT,Male,7,5,3.04,30100,mid-level
2253,IT,Male,7,25,3.7,33333,mid-level
2254,Sales,Male,1,50,5.12,9000,entry-level
2255,IT,Male,0,15,2.07,6000,entry-level
2256,Marketing,Female,4,45,4.51,21000,junior
2257,IT,Female,7,22,3.7,33333,mid-level
2258,IT,Female,4,45,4.53,21000,junior
2259,IT,Male,2,25,4.96,12000,junior
2260,IT,Female,7,22,3.7,33333,mid-level
2261,IT,Female,7,22,3.7,33333,mid-level
2262,IT,Female,6,35,3.17,21000,mid-level
2263,Marketing,Female,6,35,3.17,21000,mid-level
2264,IT,Female,2,48,4.96,12000,junior
2265,Marketing,Male,1,15,1.92,7700,entry-level
2266,IT,Male,7,22,3.7,33333,mid-level
2267,Marketing,Male,4,45,4.55,21000,junior
2268,IT,Male,7,22,3.7,33333,mid-level
2269,IT,Male,6,35,3.17,21000,mid-level
2270,IT,Female,4,45,4.67,21000,junior
2271,IT,Male,7,20,3.7,33333,mid-level
2272,Marketing,Male,7,20,4,38000,mid-level
2273,Sales,Male,9,35,5.12,51099,senior
2274,IT,Male,7,38,4.06,38000,mid-level
2275,IT,Female,7,38,4.06,38000,mid-level
2276,IT,Male,7,35,4.06,38000,mid-level
2277,IT,Female,0,15,2.05,6000,entry-level
2278,IT,Female,6,35,3.17,21000,mid-level
2279,IT,Male,7,35,4.06,38000,mid-level
2280,Sales,Male,9,48,5.12,51099,senior
2281,Marketing,Female,2,50,4.97,12000,junior
2282,IT,Male,7,35,4.06,38000,mid-level
2283,IT,Female,1,20,1.92,7700,entry-level
2284,IT,Male,1,15,1.91,7700,entry-level
2285,IT,Male,7,35,4.06,38000,mid-level
2286,IT,Male,7,35,4.06,38000,mid-level
2287,IT,Female,6,25,3.17,21000,mid-level
2288,IT,Male,1,15,1.9,7700,entry-level
2289,Sales,Female,9,48,5.12,51290,senior
2290,IT,Male,7,35,4.06,38000,mid-level
2291,Sales,Female,9,38,5.12,51290,senior
2292,IT,Male,1,15,1.88,7700,entry-level
2293,IT,Male,1,20,1.88,7700,entry-level
2294,Sales,Female,9,35,5.12,51290,senior
2295,IT,Female,0,15,2,6000,entry-level
2296,IT,Male,7,35,4.06,38000,mid-level
2297,IT,Female,3,20,1.95,12000,junior
2298,IT,Male,0,15,1.84,6000,entry-level
2299,IT,Female,7,35,4.06,38000,mid-level
2300,Marketing,Female,2,50,5,12000,junior
2301,IT,Male,6,25,3.17,21000,mid-level
2302,Sales,Male,9,38,5.12,51290,senior
2303,IT,Male,3,20,1.89,12000,junior
2304,IT,Female,1,15,1.85,7700,entry-level
2305,IT,Female,7,35,4.06,38000,mid-level
2306,IT,Female,1,15,1.84,7700,entry-level
2307,Sales,Male,9,35,5.12,53010,senior
2308,IT,Male,1,15,1.77,7700,entry-level
2309,IT,Male,3,20,1.87,12000,junior
2310,Sales,Female,0,48,5.13,6900,entry-level
2311,IT,Female,7,35,4.06,38000,mid-level
2312,IT,Male,7,35,4.06,38000,mid-level
2313,IT,Female,7,35,4.06,38000,mid-level
2314,Sales,Male,1,50,5.14,9000,entry-level
2315,IT,Male,7,35,4.06,38000,mid-level
2316,IT,Male,7,35,4.06,38000,mid-level
2317,IT,Female,7,35,4.06,38000,mid-level
2318,Marketing,Male,4,40,5.02,23584,junior
2319,IT,Female,5,20,1.85,19700,mid-level
2320,IT,Female,6,25,3.17,21000,mid-level
2321,IT,Female,7,25,4.06,38000,mid-level
2322,IT,Female,7,25,4.06,38000,mid-level
2323,IT,Female,7,25,4.06,38000,mid-level
2324,Sales,Male,1,50,5.14,9000,entry-level
2325,Sales,Female,2,50,5.17,12000,junior
2326,Marketing,Male,1,15,1.71,7700,entry-level
2327,IT,Male,6,25,3.17,21000,mid-level
2328,IT,Female,0,15,1.66,6000,entry-level
2329,Marketing,Male,1,15,1.67,7700,entry-level
2330,IT,Male,7,25,4.06,39100,mid-level
2331,IT,Male,7,25,4.06,39100,mid-level
2332,Marketing,Male,6,25,3.17,21000,mid-level
2333,IT,Male,7,25,4.06,39100,mid-level
2334,Marketing,Female,7,35,4.18,39100,mid-level
2335,IT,Female,3,20,1.76,12000,junior
2336,Marketing,Female,2,50,5.29,12000,junior
2337,IT,Female,0,15,1.63,6000,entry-level
2338,IT,Male,1,15,1.65,7700,entry-level
2339,Sales,Female,9,48,5.19,53010,senior
2340,Marketing,Female,7,35,4.18,39100,mid-level
2341,IT,Female,1,15,1.64,7700,entry-level
2342,IT,Male,3,20,1.7,12000,junior
2343,Sales,Male,8,38,5.2,46100,senior
2344,Sales,Female,8,38,5.2,46100,senior
2345,Marketing,Male,0,15,1.61,6000,entry-level
2346,Marketing,Male,7,25,4.18,39100,mid-level
2347,Sales,Male,8,40,5.2,46100,senior
2348,Sales,Male,8,45,5.2,46100,senior
2349,IT,Male,1,15,1.62,7700,entry-level
2350,IT,Female,0,15,1.59,6000,entry-level
2351,IT,Female,0,15,1.57,6000,entry-level
2352,Sales,Male,8,38,5.2,46100,senior
2353,Sales,Male,8,45,5.2,46100,senior
2354,Sales,Male,8,38,5.2,46100,senior
2355,Marketing,Male,7,20,4.18,39100,mid-level
2356,Sales,Female,8,38,5.2,46100,senior
2357,Sales,Male,8,38,5.2,46100,senior
2358,Marketing,Female,7,20,4.18,39100,mid-level
2359,Marketing,Male,6,25,3.17,21000,mid-level
2360,Marketing,Male,2,50,5.45,12000,junior
2361,Marketing,Male,7,20,4.18,39100,mid-level
2362,IT,Female,1,15,1.59,7700,entry-level
2363,IT,Male,6,22,3.17,21000,mid-level
2364,Sales,Male,8,38,5.2,46100,senior
2365,Sales,Male,8,38,5.2,46100,senior
2366,IT,Male,1,15,1.59,7700,entry-level
2367,Sales,Female,8,38,5.2,46100,senior
2368,IT,Male,6,22,3.17,21000,mid-level
2369,Sales,Male,8,38,5.2,46100,senior
2370,IT,Male,0,15,1.53,6000,entry-level
2371,IT,Female,3,20,1.58,12000,junior
2372,Sales,Male,8,48,5.2,46100,senior
2373,Sales,Male,8,40,5.2,46100,senior
2374,Sales,Female,8,38,5.2,46100,senior
2375,Sales,Male,4,50,5.23,23584,junior
2376,Marketing,Female,6,22,3.17,21000,mid-level
2377,Sales,Male,4,50,5.27,23584,junior
2378,IT,Male,1,15,1.58,7700,entry-level
2379,Sales,Male,4,50,5.29,23584,junior
2380,IT,Male,1,15,1.57,7700,entry-level
2381,Sales,Female,0,40,5.3,6900,entry-level
2382,Sales,Female,1,48,5.33,9000,entry-level
2383,IT,Female,0,15,1.07,6000,entry-level
2384,Sales,Female,5,50,5.35,23584,mid-level
2385,IT,Male,1,15,1.54,7700,entry-level
2386,Sales,Male,8,49,5.35,46200,senior
2387,Sales,Female,0,50,5.39,6900,entry-level
2388,Sales,Female,0,50,5.39,6900,entry-level
2389,IT,Male,1,15,1.45,7700,entry-level
2390,IT,Male,6,22,3.17,21000,mid-level
2391,IT,Male,5,20,1.67,19700,mid-level
2392,Marketing,Male,1,15,1.32,7700,entry-level
2393,IT,Female,1,15,1.29,7700,entry-level
2394,Sales,Female,2,50,5.42,12000,junior
2395,IT,Male,0,5,1,6000,entry-level
2396,IT,Male,3,20,1.55,12000,junior
2397,IT,Male,3,20,1.52,12000,junior
2398,Sales,Male,0,48,5.43,6900,entry-level
2399,Marketing,Male,4,40,5.5,23630,junior
2400,IT,Male,3,20,1.45,12000,junior
2401,IT,Male,3,20,1.45,12000,junior
2402,Marketing,Male,7,35,4.23,39800,mid-level
2403,IT,Male,1,15,1.28,7700,entry-level
2404,Sales,Female,3,40,5.47,18500,junior
2405,Sales,Male,9,48,5.48,53020,senior
2406,IT,Male,1,15,1.23,7700,entry-level
2407,IT,Male,1,5,1.23,7700,entry-level
2408,Sales,Male,0,40,5.5,6900,entry-level
2409,IT,Male,3,15,1.13,12000,junior
2410,Sales,Female,1,50,5.5,9000,entry-level
2411,Sales,Male,1,50,5.5,9000,entry-level
2412,Marketing,Female,2,40,5.5,12000,junior
2413,Marketing,Male,7,35,4.23,39800,mid-level
2414,IT,Male,1,15,1.21,7700,entry-level
2415,Sales,Female,1,50,5.5,9000,entry-level
2416,IT,Male,1,15,1.11,7700,entry-level
2417,IT,Male,3,15,1.11,12000,junior
2418,IT,Male,1,5,1.07,7700,entry-level
2419,IT,Female,6,20,2.7,21000,mid-level
2420,Sales,Male,1,50,5.5,9000,entry-level
2421,Marketing,Male,7,35,4.23,39800,mid-level
2422,Marketing,Female,9,48,5.5,53100,senior
2423,Sales,Male,1,50,5.5,9000,entry-level
2424,Sales,Female,1,50,5.5,9000,entry-level
2425,IT,Male,6,20,2.7,21000,mid-level
2426,Marketing,Male,4,50,5.5,23784,junior
2427,IT,Male,3,5,1,12000,junior
2428,Sales,Male,3,25,5.5,18500,junior
2429,Sales,Female,3,50,5.5,18500,junior
2430,Sales,Male,3,40,5.5,18500,junior
2431,Sales,Male,3,40,5.5,18500,junior
2432,IT,Female,1,5,1,6000,entry-level
2433,Sales,Female,5,50,5.5,23610,mid-level
2434,Sales,Female,6,40,5.5,26000,mid-level
2435,IT,Male,7,40,4.41,41000,mid-level
2436,IT,Female,7,45,4.5,41000,mid-level
2437,IT,Male,1,5,1,6000,entry-level
2438,IT,Male,1,5,1,6000,entry-level
2439,IT,Female,7,45,4.56,41000,mid-level
2440,Marketing,Male,2,40,5.5,12000,junior
2441,IT,Male,5,15,1.44,19700,mid-level
2442,IT,Female,0,5,1,6000,entry-level
2443,Sales,Female,6,40,5.5,26000,mid-level
2444,IT,Male,1,5,1,6000,entry-level
2445,IT,Female,5,15,1.09,19700,mid-level
2446,IT,Female,3,5,1,12000,junior
2447,Sales,Female,2,50,5.5,12000,junior
2448,IT,Male,6,15,2.7,21000,mid-level
2449,IT,Male,1,5,1,6000,entry-level
2450,IT,Male,3,5,1,12000,junior
2451,IT,Female,0,5,1,6000,entry-level
2452,Sales,Female,4,40,5.5,23584,junior
2453,IT,Female,7,48,4.89,41000,mid-level
2454,IT,Female,7,48,4.96,41000,mid-level
2455,Marketing,Female,6,5,3,21000,mid-level
2456,Sales,Female,2,40,5.5,12000,junior
2457,IT,Male,1,5,1,6000,entry-level
2458,IT,Male,6,5,2,21000,mid-level
2459,IT,Male,1,5,1,6000,entry-level
2460,Sales,Female,4,40,5.5,23584,junior
2461,IT,Male,9,10,5.5,53100,senior
2462,Marketing,Male,2,40,5.5,12000,junior
2463,Sales,Female,7,48,5.5,42500,mid-level
2464,IT,Female,1,5,1,6000,entry-level
2465,Marketing,Female,1,5,1,6000,entry-level
2466,IT,Female,1,5,1,7700,entry-level
2467,IT,Male,0,5,1,6000,entry-level
2468,IT,Male,0,5,1,6000,entry-level
